Timestamp,speed_over_ground,Longitude,Latitude,engine_fuel_rate
1675119600,3.08,-119.605263,35.162237,14.92
1675119601,4.11,-118.857776,35.228734,21.02
1675119602,4.04,-118.110278,35.295227,20.53
1675119603,3.5,-117.362786,35.361725,17.21
1675119604,ERROR,-116.615295,35.428215,17.38
1675119605,3.62,-115.867809,35.494706,17.78
1675119606,3.82,-115.120313,35.561197,18.9
1675119607,4.11,-114.372822,35.627691,20.57
1675119608,4.09,-113.625336,35.694185,20.38
1675119609,4.03,-112.87784,35.760679,19.94
1675119610,4.42,-112.130356,,22.21
1675119611,4.03,-111.382859,35.893669,19.79
1675119612,4.25,-110.635372,35.960162,21.04
1675119613,4.4,-109.887881,36.026651,21.87
1675119614,4.57,-109.140391,36.093152,22.81
1675119615,4.97,-108.392893,,25.14
1675119616,4.46,-107.645405,36.226131,22.0
1675119617,4.85,-106.89791,36.292631,24.26
1675119618,5.01,-106.150425,36.359123,25.14
1675119619,4.54,-105.402931,36.425612,22.25
1675119620,5.17,-104.655438,36.492109,25.96
1675119621,4.81,-103.907944,36.558603,23.72
1675119622,4.78,-103.160457,36.625093,23.47
1675119623,5.74,-102.412963,36.691594,29.15
1675119624,5.83,-101.665469,,29.62
1675119625,5.75,-100.91798,36.824579,29.06
1675119626,5.32,-100.170493,36.89107,26.4
1675119627,5.19,-99.423004,36.957563,25.55
1675119628,5.85,-98.675504,37.024059,29.43
1675119629,5.68,-97.928021,37.090551,28.34
1675119630,5.44,-97.180521,37.15704,26.82
1675119631,5.89,-96.433033,37.223538,29.45
1675119632,5.5,-95.685538,37.290034,27.03
1675119633,83.61,-94.938048,37.356524,32.66
1675119634,5.88,-94.190555,37.423014,29.16
1675119635,6.36,-93.44307,37.489514,31.96
ERROR,6.08,-92.695574,37.556002,30.21
1675119637,6.36,-91.948087,37.622496,31.82
1675119638,6.47,-91.200594,37.688989,32.4
1675119639,6.18,-90.453102,37.755484,30.58
1675119640,7.04,-88.958116,37.888475,35.67
1675119641,6.92,-87.463133,38.02146,34.88
1675119642,7.16,-85.968152,38.154443,36.24
1675119643,7.19,-84.473173,38.287437,36.34
1675119644,6.97,-82.97819,38.420424,34.95
1675119645,7.37,-81.483204,38.553411,37.27
1675119646,6.61,-79.988227,38.686392,32.64
1675119647,6.79,-78.493245,38.819381,33.65
ERROR,6.72,-76.99826,38.952373,33.15
1675119649,7.07,-75.503278,39.085358,35.18
1675119650,7.21,-74.008295,39.218337,35.94
1675119651,7.17,-72.513313,39.351325,35.62
1675119652,7.8,-71.018333,39.484316,39.33
1675119653,7.4,-69.52335,39.617307,36.86
1675119654,7.4,-68.028358,39.75029,36.78
1675119655,7.74,-66.533381,39.883277,38.74
1675119656,7.41,-65.038399,40.01626,36.69
1675119657,8.15,-63.543413,40.149252,41.05
1675119658,7.5,,40.282241,37.07
1675119659,8.49,-60.553445,40.415223,42.94
1675119660,8.35,-59.058464,40.548214,42.02
1675119661,7.85,-57.563488,40.681203,38.95
1675119662,7.73,-56.068502,40.814182,38.16
1675119663,8.61,-54.573515,40.947173,43.37
1675119664,8.58,-53.078532,41.080157,43.11
1675119665,8.68,-51.583554,41.213149,43.63
1675119666,8.8,-50.08857,41.346134,44.27
1675119667,8.17,-48.593591,41.479121,40.42
1675119668,8.53,-47.0986,41.61211,42.51
1675119669,8.37,-45.603625,41.745093,41.47
1675119670,9.19,-44.108636,41.878085,46.31
1675119671,9.02,-42.613656,42.011068,45.22
1675119672,8.81,-41.118674,42.144051,43.88
1675119673,8.62,-39.623692,42.277044,42.66
1675119674,8.94,-38.128712,42.410032,
1675119675,9.03,-36.63373,42.543014,44.98
1675119676,9.51,-35.138747,42.676006,47.78
1675119677,ERROR,-33.643764,42.808994,47.59
1675119678,9.81,-32.148776,42.941974,49.44
1675119679,9.48,-30.653797,43.074968,47.37
1675119680,9.2,,43.207947,45.62
1675119681,9.87,-27.663826,43.340934,49.56
1675119682,9.99,-26.168844,43.473921,50.21
1675119683,9.87,-24.673861,43.606915,49.41
1675119684,10.15,-23.178878,43.7399,51.02
1675119685,9.95,-21.683903,43.872882,49.74
1675119686,10.05,-20.188918,44.005872,50.27
1675119687,10.03,-18.693932,44.13886,50.08
1675119688,9.71,-17.19895,44.271842,48.08
1675119689,9.86,-15.703973,44.404837,48.91
1675119690,9.86,-14.208983,44.537823,48.83
1675119691,10.54,-309.315151,44.670807,52.84
1675119692,10.3,-11.219024,44.803799,51.31
1675119693,10.56,-9.724038,44.93678,52.81
1675119694,11.04,-8.229055,45.069773,ERROR
1675119695,10.46,-6.734072,45.202756,52.05
1675119696,-84.27,-5.239095,45.335743,53.36
1675119697,11.11,-3.744104,45.468725,55.81
1675119698,10.66,-2.249127,45.601719,53.03
1675119699,10.58,-0.754146,45.734702,52.48
1675119700,10.87,0.740844,45.867686,54.14
1675119701,10.82,2.235827,46.000672,53.76
1675119702,11.66,3.730809,46.133664,58.73
1675119703,11.62,5.225791,46.266651,58.41
1675119704,11.52,6.720772,46.399639,57.73
1675119705,11.83,8.215754,46.532628,59.52
1675119706,11.84,9.710732,46.665607,59.5
1675119707,11.3,11.205718,46.7986,56.19
1675119708,12.08,12.7007,46.931582,60.79
1675119709,11.8,14.195682,47.064576,59.04
1675119710,12.14,15.690669,47.197562,61.01
1675119711,12.31,17.18565,47.330546,61.95
1675119712,11.8,18.680628,47.463535,58.82
1675119713,11.67,20.175612,47.596518,57.96
1675119714,11.86,21.670599,47.729506,59.03
1675119715,12.14,ERROR,47.862497,60.63
1675119716,12.6,24.660566,47.99548,63.32
1675119717,12.72,26.155546,48.128466,63.96
1675119718,11.94,27.650528,48.261454,59.21
1675119719,12.52,29.145512,48.394445,62.61
1675119720,12.5,30.640497,48.527427,62.42
1675119721,12.38,32.135475,48.660412,61.62
1675119722,12.36,33.630461,48.793404,61.42
1675119723,12.65,35.125442,48.926393,63.09
1675119724,13.33,36.620422,49.059372,67.09
ERROR,12.79,38.115411,49.192361,63.77
1675119726,13.06,39.610393,49.325347,65.32
1675119727,13.32,41.105374,49.458336,66.8
1675119728,13.05,42.600359,49.591324,65.11
1675119729,13.74,44.095341,49.724313,69.17
1675119730,98.2,45.590322,49.857299,69.46
1675119731,13.17,47.085306,49.990286,65.6
1675119732,13.49,48.580288,50.12327,67.45
1675119733,13.37,50.07527,50.256262,66.65
1675119734,13.43,51.570252,50.389245,66.93
1675119735,13.25,53.065236,50.522237,65.79
1675119736,13.9,54.560213,50.655221,69.61
1675119737,13.87,56.055203,50.788203,69.35
1675119738,13.49,-343.847485,50.921195,67.0
1675119739,,59.04516,51.054179,68.78
1675119740,14.5,60.54015,51.187169,72.91
1675119741,13.91,62.035126,51.32015,69.29
1675119742,13.89,63.530111,51.453138,69.09
1675119743,14.31,65.025098,51.586132,71.54
1675119744,14.88,66.520074,51.719113,74.89
1675119745,14.21,68.015064,51.852106,70.79
1675119746,14.72,69.510047,51.985087,73.77
1675119747,14.88,71.005026,52.118078,74.66
1675119748,14.43,72.500004,52.251065,71.89
1675119749,15.0,73.994989,52.38405,75.23
1675119750,14.71,75.489975,52.517035,73.42
1675119751,15.05,76.984961,52.650021,75.38
1675119752,,78.479941,52.783006,75.78
1675119753,15.11,79.974919,52.915996,75.59
1675119754,14.74,81.469906,53.048986,73.29
1675119755,15.56,82.964888,53.181976,78.14
1675119756,15.12,84.459873,53.314962,75.42
1675119757,15.06,85.954849,53.447948,74.99
1675119758,14.99,87.449838,53.580935,74.49
,15.61,88.944818,-93.578646,78.14
1675119760,15.77,90.439805,53.846904,79.03
1675119761,15.19,91.934782,53.979897,75.47
1675119762,15.76,93.429767,54.112882,78.81
1675119763,15.55,94.924753,54.245868,332.18
1675119764,16.04,96.419727,54.37885,80.35
1675119765,15.65,97.914718,54.511841,77.92
1675119766,16.24,99.409699,54.644828,81.39
1675119767,16.01,100.904675,54.777819,79.94
1675119768,16.63,102.39966,159.674484,83.59
1675119769,15.91,103.894647,55.043788,79.19
1675119770,16.19,ERROR,55.176781,80.79
1675119771,16.04,106.884611,55.309759,79.81
1675119772,16.92,108.379591,55.442749,85.02
1675119773,16.95,109.874577,55.575732,85.13
1675119774,16.41,111.369553,55.708726,81.81
1675119775,16.88,112.864544,55.841715,84.56
1675119776,17.12,114.359528,55.974695,85.92
1675119777,16.93,115.854511,56.107688,84.71
1675119778,16.98,117.349491,56.240669,84.93
717120568,16.77,118.844468,56.373663,83.59
1675119780,16.69,120.339457,56.506648,83.04
1675119781,17.57,121.834432,,88.25
1675119782,17.65,123.329415,56.772615,88.65
1675119783,17.46,124.8244,56.905611,87.43
1675119784,17.24,126.319385,57.038596,86.04
1675119785,17.33,127.81437,57.171578,86.5
1675119786,17.78,129.309352,57.30457,89.13
1675119787,18.02,130.804332,57.437552,90.5
1675119788,18.09,132.299313,57.570545,90.84
,18.06,133.794303,57.703524,90.58
1675119790,17.99,135.28928,57.836517,90.09
1675119791,17.51,136.784263,57.969502,87.13
1675119792,17.67,138.279243,58.102485,88.01
1675119793,18.48,139.774232,58.235473,92.8
1675119794,18.26,141.269213,58.368458,91.41
1675119795,17.74,142.764191,58.501449,88.21
1675119796,17.91,144.259173,58.634435,89.15
1675119797,18.54,145.754161,58.767425,92.86
1675119798,17.96,147.249144,58.900409,89.31
1675119799,18.19,148.744123,59.033395,90.61
1675119800,7.0,147.616329,58.422733,35.05
1675119801,7.18,146.453476,57.809934,36.09
1675119802,7.18,145.255589,57.195025,36.05
1675119803,6.8,144.02266,56.577983,33.72
1675119804,7.33,142.754677,55.958815,36.86
1675119805,6.89,141.451657,55.337522,34.19
1675119806,7.02,140.113588,54.714109,34.93
1675119807,7.49,138.740476,54.088561,37.7
1675119808,7.43,137.332328,53.460894,37.3
1675119809,7.67,135.889122,52.831105,38.7
1675119810,7.52,134.410883,,37.76
1675119811,7.47,132.897588,51.565147,-70.46
1675119812,7.04,131.349255,50.928987,34.79
1675119813,7.36,129.765877,50.290701,36.67
1675119814,7.29,128.147462,49.650285,36.22
1675119815,7.32,126.493993,49.007742,36.34
1675119816,8.09,124.805488,48.363072,40.92
1675119817,7.55,123.08193,47.716291,37.64
1675119818,8.09,121.323337,47.067374,40.84
1675119819,7.87,119.529686,46.41633,39.48
1675119820,8.07,117.701006,45.763166,40.64
1675119821,7.82,115.837273,45.107885,
1675119822,7.94,113.938498,44.450469,39.78
1675119823,7.89,,43.790933,39.44
1675119824,7.64,110.035813,43.12927,37.9
1675119825,8.21,108.031903,42.465479,41.27
1675119826,7.81,105.992945,41.799565,38.83
1675119827,7.59,103.918947,41.131527,37.47
1675119828,8.25,101.809914,40.461363,41.4
1675119829,7.83,99.665825,39.789077,38.83
1675119830,8.63,97.486696,39.114668,-42.36
1675119831,8.69,95.272518,38.438129,43.9
1675119832,8.69,93.023296,37.75947,43.86
,8.19,90.739032,37.078679,40.82
1675119834,7.87,88.41973,36.395769,38.87
1675119835,8.83,86.065376,35.710732,44.58
1675119836,8.37,83.675977,35.023571,41.78
1675119837,8.95,81.25154,34.334286,45.22
1675119838,8.99,78.792051,33.64287,45.41
1675119839,8.92,76.297527,32.949337,44.95
1675119840,8.4,76.390733,32.997327,41.79
1675119841,8.53,76.483948,33.045323,42.54
1675119842,9.04,76.577154,33.093318,45.55
1675119843,8.55,76.670365,33.141313,42.57
1675119844,30.86,76.76357,33.189309,41.87
1675119845,8.87,76.856781,33.237299,44.41
1675119846,9.29,76.949994,33.285295,46.89
1675119847,9.09,77.043205,33.333286,45.65
1675119848,9.01,77.136416,33.381281,45.12
1675119849,8.58,77.229623,33.429269,42.5
1675119850,9.14,77.322836,33.477264,45.82
1675119851,9.55,77.416048,33.525259,48.24
1675119852,8.74,77.509257,33.573253,43.34
1675119853,9.16,77.60246,33.621243,45.82
1675119854,9.56,77.695674,33.669237,48.18
1675119855,9.47,77.78888,33.717232,47.59
1675119856,9.47,77.882091,33.765233,47.55
1675119857,9.51,77.975309,33.81322,47.75
1675119858,9.21,78.06851,33.861215,45.91
1675119859,9.19,78.161723,33.909206,45.74
1675119860,9.74,78.254935,33.957203,49.01
1675119861,9.79,78.348145,34.005194,49.26
1675119862,9.88,78.441354,34.053187,49.77
1675119863,9.97,78.534558,34.101183,50.26
1675119864,9.61,78.627771,34.149172,48.06
1675119865,9.64,78.720983,34.197165,48.2
1675119866,9.98,78.814189,34.245161,50.2
1675119867,9.87,78.907401,34.293153,49.5
1675119868,9.97,79.000608,34.341147,50.05
1675119869,10.1,435.213593,34.389143,50.8
1675119870,10.24,79.187031,34.437141,51.59
1675119871,9.73,79.280238,34.485132,48.49
1675119872,9.81,79.373453,34.533125,48.93
1675119873,9.57,79.466664,34.581117,47.44
1675119874,10.09,79.559875,34.629117,50.53
1675119875,9.59,79.653079,34.677105,47.49
1675119876,10.06,79.746288,34.725096,50.27
1675119877,10.18,79.839497,34.773094,50.94
1675119878,9.97,79.932713,34.821083,49.64
1675119879,10.31,80.025923,34.869079,51.64
1675119880,9.79,80.119126,34.917074,48.48
1675119881,9.84,80.212345,34.965071,48.74
1675119882,10.67,80.305546,35.013061,53.67
1675119883,10.25,80.398761,35.061057,51.11
1675119884,10.06,80.491973,35.109053,49.93
1675119885,10.49,80.585184,35.157038,52.47
1675119886,10.78,80.678392,35.205033,54.17
1675119887,10.27,80.771603,35.253028,51.07
1675119888,10.72,80.864808,35.301022,53.72
1675119889,10.22,80.958023,35.349015,50.69
1675119890,10.23,81.051226,ERROR,50.7
1675119891,10.75,81.144444,35.445006,53.78
1675119892,10.8,81.23765,35.492998,54.04
1675119893,10.94,81.330863,35.540989,54.84
1675119894,11.07,81.424069,35.588988,55.58
1675119895,11.36,81.517281,35.636982,57.28
1675119896,10.94,81.610489,35.684975,54.72
1675119897,ERROR,81.703701,35.73296,53.77
1675119898,11.3,81.796905,35.78096,56.8
1675119899,10.82,81.890114,35.828948,53.87
1675119900,11.03,81.983326,35.876943,55.09
1675119901,10.71,82.076535,35.924935,53.13
1675119902,,82.169752,35.972934,53.03
1675119903,11.68,82.262956,36.020928,58.86
1675119904,11.59,82.356173,36.068916,58.29
1675119905,11.49,82.449376,36.116913,57.65
1675119906,11.25,82.542585,36.164907,56.16
1675119907,11.05,82.635801,36.2129,
1675119908,11.08,82.729009,36.260891,55.06
1675119909,11.21,82.822218,36.308887,55.8
1675119910,11.55,82.915428,36.356884,57.8
1675119911,11.76,83.00864,36.404871,59.01
1675119912,11.75,83.101845,36.452865,58.91
1675119913,11.41,83.195062,36.500861,56.83
1675119914,12.13,83.288272,36.54886,61.1
1675119915,11.95,83.381478,36.596851,59.99
1675119916,11.81,83.474684,36.644845,59.1
1675119917,11.91,83.567899,36.692835,59.66
1675119918,11.76,83.661102,36.740831,58.72
1675119919,11.63,83.754312,36.788819,57.9
1675119920,11.77,83.847524,36.836819,58.71
1675119921,12.22,83.940736,36.884815,61.36
1675119922,11.52,84.03395,234.977453,57.11
1675119923,11.66,-442.493747,36.980802,57.92
1675119924,11.63,84.220368,37.028794,57.7
1675119925,11.67,84.313575,37.076782,57.89
1675119926,12.52,84.406784,37.124783,62.96
1675119927,12.41,84.499994,37.172768,62.25
1675119928,12.22,84.59321,37.220767,61.07
1675119929,11.89,84.686411,37.268756,59.05
1675119930,12.32,84.779629,37.316749,61.59
1675119931,12.35,84.872836,37.364746,61.72
1675119932,12.09,84.966044,37.412739,60.12
1675119933,12.39,85.059257,37.460734,61.88
1675119934,12.4,85.152465,37.508729,61.9
1675119935,12.66,85.245678,37.556717,63.42
1675119936,12.72,85.338889,37.604711,ERROR
1675119937,12.17,85.432094,37.652709,
1675119938,12.54,85.525302,37.700701,62.57
1675119939,12.83,85.618515,37.748698,64.28
1675119940,12.75,85.711728,37.796691,63.75
1675119941,13.14,85.804931,37.844686,66.06
1675119942,12.99,85.898145,37.892678,65.11
1675119943,12.53,85.991355,37.940669,62.31
1675119944,12.48,86.084566,37.988665,61.97
1675119945,13.1,86.17777,38.036655,65.64
1675119946,12.52,86.270986,38.084649,62.13
1675119947,13.12,86.364197,38.132647,65.69
1675119948,13.52,86.4574,38.180638,ERROR
1675119949,13.2,86.55061,38.228635,66.08
1675119950,13.05,86.643828,38.276628,65.14
1675119951,13.35,86.73703,38.324622,66.89
1675119952,13.2,86.830246,38.372617,65.96
1675119953,13.33,,38.420605,66.7
1675119954,13.77,87.01666,38.468598,206.41
1675119955,13.25,87.109876,38.516594,66.14
1675119956,13.87,87.203082,38.564585,69.81
1675119957,13.86,87.296292,38.612581,69.71
,97.15,87.389501,38.660576,65.65
1675119959,13.1,,38.708569,65.07
1675119960,13.18,87.575918,38.75656,65.5
1675119961,13.13,87.669131,38.804551,65.17
1675119962,13.25,87.762346,38.852548,65.84
1675119963,13.88,279.098227,38.900538,69.58
1675119964,-61.16,87.948763,38.948539,66.12
1675119965,13.6,88.041969,38.996528,67.82
1675119966,14.17,88.135184,39.044519,71.19
1675119967,13.39,88.228387,39.092511,66.47
1675119968,14.22,88.321606,39.140511,71.41
1675119969,13.73,88.41481,39.188505,68.43
1675119970,13.61,88.508018,39.236495,67.67
1675119971,14.23,88.601226,39.284486,71.35
1675119972,14.2,88.694437,39.332483,71.13
1675119973,14.49,88.78765,39.380476,72.83
1675119974,14.39,88.880859,39.428473,72.19
1675119975,14.5,88.974073,39.476466,72.8
1675119976,14.02,89.067279,39.524457,69.88
1675119977,13.96,89.160487,39.572449,69.48
1675119978,14.57,89.253701,39.620451,73.1
1675119979,14.67,89.346912,39.668439,73.66
1675119980,14.89,89.440116,39.716435,74.94
1675119981,14.36,89.533326,39.764423,71.71
1675119982,14.36,89.626535,39.81242,71.67
1675119983,14.8,89.719751,39.860409,74.28
1675119984,14.41,89.812961,39.908407,71.89
1675119985,15.04,89.906169,39.956405,75.63
1675119986,15.01,89.999382,40.004393,75.41
1675119987,14.62,90.092592,40.052383,73.03
1675119988,14.99,90.185799,40.100377,75.2
1675119989,15.03,90.279012,40.148374,75.4
1675119990,14.42,90.372215,40.196365,71.7
1675119991,15.26,90.465424,40.244358,76.7
1675119992,14.91,90.558636,40.292358,74.56
1675119993,15.27,90.651844,40.340349,76.68
1675119994,14.8,90.745058,40.388341,73.82
1675119995,15.42,90.838272,40.436341,77.5
1675119996,14.95,90.931473,40.484326,74.64
1675119997,14.62,91.024684,40.532328,72.61
1675119998,15.55,91.117897,40.580316,78.16
1675119999,14.78,91.211112,40.628315,73.49
1675120000,60.23,89.237441,38.901676,6.32
1675120001,1.98,87.281783,37.183786,10.35
1675120002,2.03,85.344122,35.474639,10.6
1675120003,1.7,83.424471,33.774227,8.57
1675120004,1.8,81.522832,32.082572,9.13
1675120005,1.67,79.639189,30.399649,8.3
1675120006,1.56,77.77354,28.725474,7.59
1675120007,1.64,75.925915,27.060043,8.03
1675120008,2.03,74.096282,25.403357,10.32
249458204,2.16,72.284658,23.755409,11.05
1675120010,2.25,70.491032,22.116213,11.54
1675120011,2.29,68.715415,20.485756,11.74
1675120012,1.64,66.957802,18.864045,7.79
1675120013,2.1,65.218195,17.251076,10.49
1675120014,1.71,63.496585,15.646846,8.11
1675120015,2.25,61.792983,14.051361,11.3
1675120016,2.19,60.10739,12.464622,10.89
1675120017,2.68,58.439802,10.886625,13.79
1675120018,2.19,56.790209,9.317372,10.8
1675120019,2.0,55.158631,7.756866,9.62
1675120020,2.08,53.545055,6.2051,10.04
1675120021,2.74,51.949471,,13.96
1675120022,2.65,50.371907,,13.37
1675120023,2.18,48.812338,1.602267,10.5
1675120024,2.21,47.27078,0.085478,10.63
1675120025,2.87,45.747216,-1.422573,14.55
1675120026,2.29,ERROR,-2.921874,11.02
1675120027,3.09,42.75412,-4.412433,15.77
1675120028,3.02,41.284576,-5.894251,15.31
,2.45,39.833033,-7.367325,11.83
1675120030,2.5,38.399495,-8.831649,12.08
1675120031,3.45,36.983964,-10.287237,17.74
1675120032,2.88,35.586439,-11.734082,14.27
1675120033,2.93,34.206912,-13.172182,14.52
1675120034,3.42,32.845388,-14.601537,17.41
1675120035,3.6,31.501882,-16.022153,18.45
1675120036,3.68,30.176369,-17.43402,18.89
1675120037,3.5,28.868862,-18.837148,17.75
1675120038,3.17,27.579356,-20.231526,15.73
1675120039,2.93,26.307862,-21.617163,14.23
1675120040,3.67,27.12124,-21.219431,18.63
1675120041,3.5,27.934624,-20.821689,17.56
1675120042,3.41,28.747999,-20.423955,16.97
1675120043,3.94,29.561386,-20.026222,20.11
1675120044,3.19,30.37477,-19.628489,15.56
1675120045,3.62,31.188141,-19.230751,18.09
1675120046,3.19,32.001531,-18.833024,15.46
1675120047,3.69,32.814907,-18.435282,18.42
1675120048,3.33,33.628292,-18.037554,16.21
1675120049,3.44,34.441672,-17.639812,16.82
1675120050,3.48,35.255051,-17.242083,17.02
1675120051,4.06,36.068433,-16.844342,20.45
1675120052,4.21,36.881816,-16.446607,21.3
1675120053,4.09,37.695192,-16.04888,20.53
1675120054,4.52,38.508572,-15.651142,23.06
1675120055,3.98,39.321956,-15.253402,19.77
1675120056,3.94,40.135338,-14.855672,19.49
1675120057,4.57,40.948719,-14.457933,23.22
1675120058,3.97,41.7621,-14.060201,19.57
1675120059,4.76,42.575477,-13.662469,24.26
1675120060,3.86,43.388862,-13.264735,18.81
1675120061,4.86,44.202236,-12.867001,24.77
1675120062,3.98,45.015621,-12.46926,19.44
1675120063,4.88,45.828996,-12.071529,24.79
1675120064,4.56,46.64238,-11.673793,
1675120065,5.08,47.455762,-11.276059,25.89
1675120066,4.2,48.269143,-10.878323,20.57
1675120067,4.73,49.082527,-10.480585,23.7
1675120068,5.2,49.895904,-10.082849,26.47
1675120069,4.8,50.709286,-9.68512,24.02
1675120070,4.95,51.522665,-9.287381,24.88
1675120071,5.07,52.336047,-8.889647,25.55
1675120072,4.87,53.149426,-8.491914,24.3
1675120073,5.09,53.962805,-8.094176,25.58
1675120074,5.1,54.776192,-7.696448,25.58
1675120075,5.46,55.589573,-7.298715,27.7
1675120076,4.65,56.402953,-6.900972,22.8
1675120077,4.94,57.216333,-6.503242,24.48
1675120078,5.65,58.029713,-6.105503,28.7
1675120079,5.64,58.843098,-5.707768,28.59
1675120080,5.25,59.656476,-5.310041,26.21
1675120081,5.47,,-4.912298,27.47
1675120082,5.17,61.283233,-4.514568,25.63
1675120083,5.13,62.096617,,25.34
1675120084,5.45,62.909998,-3.719096,27.21
1675120085,5.39,63.723379,-3.321358,26.8
1675120086,5.67,64.536762,-2.923633,28.43
462391176,5.21,65.350142,-2.525893,25.63
1675120088,6.16,66.163524,-2.128156,31.27
1675120089,6.21,66.976906,-1.730421,31.54
1675120090,5.97,67.790287,-1.332687,30.05
1675120091,5.86,68.603667,-0.934958,29.34
1675120092,5.68,69.41705,-0.537221,28.21
1675120093,6.23,70.230422,-0.139486,31.46
1675120094,6.15,71.043805,0.258254,30.93
1675120095,5.68,71.857184,0.655983,28.06
1675120096,6.47,72.670571,1.053717,32.76
1675120097,6.43,73.483954,1.451459,32.47
1675120098,6.61,74.297328,1.849185,33.5
1675120099,6.43,75.110716,2.246929,32.38
1675120100,6.37,75.924088,2.644661,31.96
1675120101,6.22,76.737478,3.042397,31.02
1675120102,6.78,77.550853,3.440127,34.33
1675120103,6.76,78.364231,3.837859,34.17
1675120104,5.99,79.177616,4.235601,29.5
1675120105,6.02,79.990995,4.633337,29.63
1675120106,,80.804376,5.031071,31.98
1675120107,6.9,81.617757,5.428799,34.81
1675120108,7.12,82.431143,5.82654,36.09
1675120109,6.33,83.244521,6.224275,31.3
1675120110,6.83,84.057899,6.622009,34.24
1675120111,6.66,84.871283,7.019745,33.18
1675120112,7.3,85.684665,7.41748,36.97
1675120113,7.22,86.498042,7.815213,36.44
1675120114,7.26,87.311424,8.212942,36.64
1675120115,6.94,88.124802,8.610681,34.67
1675120116,6.93,88.938183,9.008412,34.56
1675120117,6.84,89.751569,9.40615,33.97
1675120118,-98.36,90.564945,9.803885,32.91
1675120119,7.53,91.378329,10.201616,38.01
1675120120,7.52,92.191712,10.599354,37.91
1675120121,7.76,93.005087,10.997086,39.3
1675120122,7.8,93.818472,11.394828,39.5
1675120123,7.41,94.63185,11.792564,37.11
1675120124,7.67,95.445238,12.19029,38.62
1675120125,7.89,96.258614,12.588034,39.89
1675120126,7.84,97.071998,12.985764,39.55
1675120127,7.29,97.885376,13.383497,36.2
1675120128,7.54,98.698752,13.781229,37.65
1675120129,7.27,99.512139,14.178968,35.98
1675120130,,100.325523,14.576706,41.15
1675120131,7.84,101.1389,14.97444,39.31
1675120132,7.51,101.952283,15.372168,37.28
1675120133,8.0,102.765665,15.769903,40.17
1675120134,8.0,103.579039,16.167642,40.12
1675120135,7.78,104.39242,16.565375,38.76
1675120136,7.59,105.205805,16.963109,-43.34
1675120137,8.19,106.019183,17.360845,41.12
1675120138,8.09,106.832569,17.758585,40.47
1675120139,8.39,107.64595,18.156321,42.22
1675120140,8.18,108.459325,18.55405,40.92
1675120141,8.56,109.272705,18.95179,43.15
1675120142,8.31,110.086091,19.349519,41.6
1675120143,8.37,110.899467,19.747255,41.91
1675120144,8.73,111.712854,20.144988,44.03
1675120145,8.31,112.52623,20.542727,41.45
1675120146,8.08,113.339614,20.940465,40.03
1675120147,8.03,114.152989,21.338196,39.68
1675120148,8.8,226.410475,21.735928,44.26
1675120149,8.71,115.779754,22.133666,43.67
1675120150,8.84,116.593136,22.531395,44.4
1675120151,8.4,117.406513,22.929138,41.71
ERROR,8.37,118.2199,23.326869,41.49
1675120153,8.3,119.033282,23.724603,41.01
1675120154,8.68,119.846656,24.122339,43.25
1675120155,8.97,120.660036,24.520075,44.94
1675120156,8.82,121.473416,24.917804,43.99
1675120157,8.91,122.286803,25.315545,44.49
1675120158,9.43,123.100183,25.713275,47.55
1675120159,8.92,123.913564,26.111015,44.45
1675120160,9.13,124.726941,26.50875,45.66
1675120161,9.45,125.540324,26.906485,47.53
1675120162,9.11,126.353707,27.304217,45.45
1675120163,9.38,127.167087,27.701952,47.02
1675120164,9.67,127.980472,28.099683,48.71
1675120165,9.81,128.793845,28.497424,49.5
1675120166,9.05,129.607231,28.895154,44.9
1675120167,9.88,130.420609,29.292891,49.83
1675120168,9.49,131.23399,29.690623,47.44
1675120169,9.31,132.047374,30.088357,46.31
1675120170,9.55,132.860754,30.486097,47.71
1675120171,10.12,133.674138,30.883826,51.08
1675120172,9.68,134.487511,31.281567,48.39
1675120173,9.57,135.300891,31.679298,47.68
1675120174,,136.114278,32.077029,49.73
1675120175,9.57,136.927658,32.474769,47.59
1675120176,9.46,137.741035,32.8725,46.88
1675120177,9.56,138.554414,,47.43
1675120178,9.61,139.367795,33.667976,47.68
1675120179,9.68,140.181184,,48.05
1675120180,9.71,140.994558,34.463447,48.19
1675120181,10.26,141.80794,34.861173,51.44
1675120182,9.85,142.62132,35.25891,48.93
1675120183,10.06,143.434702,35.65665,50.15
1675120184,10.66,144.24808,36.054381,53.7
1675120185,10.29,145.061466,36.452113,51.42
1675120186,10.53,145.874842,36.849851,52.82
1675120187,10.08,146.68823,37.247585,50.07
1675120188,10.15,147.501605,37.645325,50.44
1675120189,10.04,148.314989,38.043055,49.74
856132498,10.22,149.128373,38.440794,50.77
1675120191,10.38,149.941752,38.83853,51.68
1675120192,10.32,150.755132,39.23626,51.28
1675120193,10.28,151.56851,39.634,ERROR
1675120194,10.36,152.381891,40.031729,51.42
1675120195,10.75,153.195276,40.42947,53.71
1675120196,10.54,154.00866,40.827196,52.41
1675120197,10.75,154.822037,41.224937,53.61
1675120198,10.94,155.635417,41.62267,54.7
1675120199,11.17,156.4488,42.020403,56.04
1675120200,0.09,149.671212,41.353848,-0.01
1675120201,0.94,142.907315,40.686225,5.0
1675120202,0.85,136.157118,40.017528,4.38
1675120203,0.39,129.420611,39.347772,1.53
1675120204,1.27,122.697785,38.676954,6.72
1675120205,1.4,115.988662,38.005063,7.42
1675120206,0.63,109.293221,37.332109,2.71
1675120207,0.93,102.61148,36.658083,4.43
1675120208,1.55,95.943422,35.982995,8.06
1675120209,1.58,89.289064,35.306836,8.15
1675120210,1.1,82.648396,34.629608,5.18
1675120211,1.21,76.021413,33.951316,5.76
1675120212,1.46,69.408129,33.271966,7.17
1675120213,1.66,62.808534,32.591542,8.28
1675120214,1.88,56.222631,31.910046,9.52
1675120215,1.71,49.650411,31.227492,8.42
1675120216,1.89,43.091891,30.543875,9.41
1675120217,2.27,36.547058,29.859181,11.6
1675120218,1.64,30.015927,29.173424,7.74
1675120219,1.94,23.498479,28.486601,9.45
1675120220,2.49,16.994719,27.798709,12.66
1675120221,2.76,10.504658,27.109754,14.2
1675120222,2.46,4.028281,26.419731,12.31
1675120223,2.57,-2.4344,223.603774,12.88
1675120224,2.23,-8.883395,25.036489,10.76
1675120225,2.66,-15.318687,24.343263,13.25
1675120226,2.83,-21.740301,23.648978,14.18
1675120227,2.62,-28.14821,22.953622,12.84
1675120228,2.74,-34.542435,22.257193,13.47
1675120229,2.93,-40.922969,21.559709,14.53
1675120230,2.66,-47.289817,20.861151,12.82
1675120231,3.05,-53.642965,20.161533,15.07
1675120232,3.02,-59.982424,19.460837,14.81
1675120233,3.23,-66.308191,18.759086,15.98
1675120234,3.11,-72.620269,18.056263,15.17
1675120235,3.96,-78.918645,17.352371,20.19
1675120236,3.75,-85.203342,16.647414,18.84
1675120237,3.92,-91.474346,15.941397,19.78
1675120238,ERROR,-97.731656,15.234309,20.89
1675120239,3.92,-103.975274,14.526149,19.6
1675120240,3.59,-102.614234,14.881223,17.54
1675120241,4.13,-101.253197,15.23629,20.69
1675120242,4.26,-99.892154,15.591364,21.39
1675120243,4.51,-98.53112,15.946428,22.8
1675120244,4.28,-97.170077,16.301505,21.33
1675120245,4.06,-95.80904,-132.188073,19.93
1675120246,4.31,-94.448008,17.01164,21.33
1675120247,4.47,-93.086963,17.366707,22.21
1675120248,4.84,-91.725933,17.721778,24.35
1675120249,4.85,-90.364888,18.076852,24.32
,4.72,-89.003854,18.43192,23.46
1675120251,5.44,-87.64281,18.786996,27.69
1675120252,5.15,-86.281772,19.142058,25.86
1675120253,4.86,-84.920735,19.497131,24.04
1675120254,4.81,-83.559696,19.852201,23.65
1675120255,4.95,-82.198663,20.207268,24.4
1675120256,5.13,-80.837627,20.562339,25.4
1675120257,5.13,-79.476585,20.917412,25.31
1675120258,5.24,-78.115549,21.272483,25.89
1675120259,5.43,-76.754506,21.627552,26.94
1675120260,5.4,-75.393471,21.982624,26.67
1675120261,6.21,-74.032427,22.337694,31.45
1675120262,5.48,-72.671392,22.692759,26.98
1675120263,6.01,-71.310352,23.047833,30.07
1675120264,5.99,-69.94932,23.402908,29.86
1675120265,6.64,-68.588275,23.757974,
1675120266,5.86,-67.227236,24.113046,28.91
,6.23,-65.866202,24.468112,31.05
1675120268,6.89,-64.505162,24.823187,34.92
1675120269,6.87,-63.144122,25.178257,34.72
1675120270,6.91,-61.78309,25.533325,34.87
1675120271,6.44,-60.422048,25.888399,31.96
1675120272,6.44,-59.061011,26.243461,31.87
1675120273,7.02,-57.699975,26.59853,35.27
1675120274,7.37,-56.338935,26.953607,37.28
1675120275,7.08,-54.9779,27.308678,35.46
1675120276,7.18,-53.616862,27.663741,35.97
1675120277,6.98,-52.255822,28.018813,34.68
1675120278,7.55,-50.894776,28.37388,38.02
1675120279,7.06,-49.533742,28.728953,
1675120280,7.28,-48.172699,29.084028,
1675120281,7.47,-46.811666,29.439096,37.28
1675120282,7.64,-355.629362,29.794164,38.21
1675120283,7.46,-44.089589,30.149234,37.04
1675120284,7.42,-42.728551,30.504301,36.71
1675120285,8.0,-41.367517,30.859374,40.11
1675120286,7.76,-40.006473,31.214447,38.59
1675120287,8.14,-38.645439,ERROR,40.78
1675120288,7.8,-37.284397,31.92459,38.65
1675120289,8.21,-35.923358,32.279652,41.03
1675120290,8.35,-34.562325,32.63473,41.78
1675120291,7.96,-250.880336,32.989799,39.35
1675120292,8.33,,33.344869,41.49
1675120293,8.21,-30.479207,33.699936,40.68
1675120294,8.23,-29.118172,34.055006,40.71
1675120295,9.24,-27.757125,34.410075,46.69
1675120296,8.66,-26.396096,34.765143,43.12
1675120297,9.23,-25.035051,35.120214,46.46
1675120298,8.77,-23.67401,35.475285,43.6
1675120299,9.28,-22.312979,35.830357,46.58
1675120300,9.44,-20.951942,36.18543,47.46
1675120301,9.37,-19.590904,36.540497,46.95
1675120302,9.33,-18.229864,36.895563,46.62
1675120303,9.35,-16.868827,37.250642,46.66
1675120304,9.38,-15.507783,37.605712,46.75
1675120305,10.04,-14.146751,37.960781,50.63
1675120306,10.03,-12.785709,38.315853,50.48
1675120307,10.25,-11.424665,38.670919,51.72
1675120308,9.5,-10.063629,39.025993,47.12
1675120309,10.19,-8.702593,39.381054,51.18
1675120310,10.48,-7.341557,39.736127,52.84
1675120311,9.81,-5.980516,40.091196,48.73
1675120312,9.79,-4.619479,40.446266,48.52
1675120313,10.55,-3.258441,40.801335,52.99
1675120314,10.47,-1.897406,41.15641,52.42
1675120315,10.82,-0.53636,41.511482,54.44
1675120316,10.2,0.824674,41.86655,50.64
1675120317,10.95,2.185709,42.221616,55.05
1675120318,10.44,3.546749,42.576693,51.9
1675120319,10.49,4.907788,42.931761,52.11
1675120320,10.57,6.268831,43.286828,52.51
1675120321,11.31,7.629868,43.641901,56.86
1675120322,11.25,8.990907,43.996967,56.42
1675120323,11.19,10.351937,44.352038,55.97
1675120324,11.11,11.71298,44.707114,55.41
1675120325,11.72,13.074019,45.062178,58.98
1675120326,11.32,14.435052,45.41725,56.49
1675120327,11.83,15.796093,45.772324,59.47
1675120328,11.54,17.157136,46.127393,57.64
1675120329,11.56,18.518168,46.482456,57.68
1675120330,11.74,19.87921,46.837527,58.66
1675120331,11.66,21.240246,47.192596,58.1
1675120332,12.19,22.601282,47.547672,61.2
1675120333,12.03,23.962322,47.90274,60.15
1675120334,11.85,25.323368,48.257807,58.98
1675120335,12.6,26.684405,48.612886,63.4
1675120336,,28.045444,48.967952,60.73
1675120337,12.42,29.406478,ERROR,62.14
1675120338,12.87,30.767512,49.678092,64.76
1675120339,12.67,32.128555,50.033163,63.47
1675120340,12.25,33.489592,50.388227,60.87
1675120341,13.16,34.850635,50.7433,66.24
1675120342,12.94,36.211665,51.098375,64.83
1675120343,12.73,37.572708,51.453442,63.48
1675120344,12.62,38.933743,51.808513,62.74
1675120345,13.36,40.294783,52.163582,67.09
1675120346,13.27,41.655825,52.518648,66.47
1675120347,13.27,43.016861,52.873719,66.38
1675120348,13.72,44.377898,53.228792,68.99
1675120349,13.7,45.738936,53.58386,68.79
1675120350,13.15,47.099975,53.938928,65.4
1675120351,13.4,48.461017,54.294006,66.81
1675120352,13.42,49.822056,54.649078,66.85
1675120353,14.0,51.183095,55.004146,70.24
1675120354,13.38,52.544132,55.359217,66.43
1675120355,14.0,53.905165,55.714281,70.07
1675120356,14.28,55.266207,56.069358,71.66
1675120357,14.48,56.627243,56.42442,72.78
1675120358,14.03,57.98828,56.779498,69.99
1675120359,14.6,59.349324,57.134569,73.32
1675120360,-4.56,60.710354,57.489636,69.46
1675120361,14.8,62.071401,57.844709,74.35
1675120362,14.16,63.432435,58.199775,70.43
1675120363,14.52,64.793475,58.554842,72.5
1675120364,15.01,66.154513,58.909914,75.35
1675120365,14.44,67.515554,59.264985,71.85
1675120366,14.61,68.87659,59.62005,72.78
1675120367,15.19,70.237628,59.975126,76.17
1675120368,15.27,71.59866,60.330199,76.57
1675120369,15.28,72.959703,60.685262,76.54
1675120370,15.42,74.320738,61.040338,77.29
1675120371,15.36,75.681782,61.395409,76.84
1675120372,15.15,77.042818,61.75048,75.5
1675120373,15.33,78.403858,62.10555,76.5
1675120374,15.25,79.76489,62.460616,75.93
1675120375,16.07,81.125929,62.81569,80.76
1675120376,15.83,82.486973,63.170758,79.23
1675120377,15.73,83.848005,63.525822,78.55
1675120378,15.88,85.209043,63.880895,79.36
1675120379,16.45,86.570081,64.235968,82.7
1675120380,15.74,87.931129,64.591033,78.35
1675120381,16.26,89.292165,64.946107,81.39
1675120382,16.27,90.653199,65.301178,81.36
1675120383,16.46,92.014237,65.656243,-44.03
1675120384,15.95,93.375276,66.011317,79.27
1675120385,16.89,94.736318,66.366389,84.82
ERROR,17.04,96.097355,66.721457,85.63
1675120387,16.76,97.458389,67.076522,83.87
1675120388,16.98,98.819427,67.431592,85.1
1675120389,17.29,100.180465,67.786665,86.87
1675120390,17.16,101.541509,68.141741,237.41
1675120391,16.69,102.902548,68.496804,
1675120392,17.2,104.263581,68.851879,86.08
1675120393,17.32,105.624617,69.206945,86.71
1675120394,17.22,352.134248,69.562016,86.02
1675120395,17.62,108.346703,69.917091,88.34
1675120396,17.91,109.707735,70.27216,89.98
1675120397,17.98,111.068778,70.627224,90.33
1675120398,17.59,112.429814,70.982297,87.9
1675120399,,113.79085,71.337363,86.31
1675120400,6.19,113.279799,68.512001,31.43
1675120401,6.1,112.737954,65.692073,30.84
1675120402,5.44,112.165322,62.877575,26.82
1675120403,6.29,111.561893,60.068522,31.87
1675120404,6.29,110.927667,57.264905,31.82
1675120405,5.99,110.262648,54.466731,432.97
1675120406,6.12,109.566832,51.673989,30.69
1675120407,5.98,108.840236,48.886674,29.8
1675120408,5.69,108.082836,46.104814,28.0
1675120409,6.02,107.294638,43.32838,29.94
1675120410,6.54,106.475659,40.557387,33.0
1675120411,5.8,105.625876,37.791836,28.5
1675120412,6.18,104.745302,35.03172,30.73
1675120413,-66.18,103.833937,32.27704,31.4
1675120414,6.49,,29.527793,32.49
1675120415,6.92,101.918822,26.783985,35.02
1675120416,6.4,100.915069,24.045622,31.85
1675120417,6.46,99.88053,21.312686,32.15
1675120418,6.9,98.815201,18.585196,34.74
1675120419,6.67,97.719066,15.863138,33.3
1675120420,6.49,96.592146,13.146523,32.17
1675120421,6.77,95.434431,10.435338,33.8
1675120422,6.51,94.245922,7.729595,32.19
1675120423,6.6,93.026621,5.029296,32.68
1675120424,6.98,ERROR,2.33442,34.9
1675120425,6.95,90.495631,-0.355007,34.67
1675120426,7.5,89.183946,-3.039003,37.91
1675120427,7.0,87.84147,-5.717561,34.86
1675120428,7.27,86.468206,-8.39068,36.43
1675120429,7.38,85.064139,-11.058359,37.03
1675120430,6.81,83.629277,-13.720596,33.56
1675120431,7.51,82.163631,-16.377408,37.71
1675120432,7.08,80.667186,-19.02877,35.08
1675120433,7.92,79.139948,-21.674705,40.06
1675120434,7.16,ERROR,-24.3152,35.45
1675120435,7.47,75.993083,-26.950255,37.26
1675120436,7.2,74.373469,-29.579875,35.59
1675120437,8.16,72.723053,-32.204054,41.3
1675120438,7.72,71.04185,-34.822802,38.6
1675120439,7.87,69.329848,-37.436108,39.45
1675120440,7.39,69.459143,-36.863535,36.52
1675120441,8.13,69.588436,-36.290966,40.9
1675120442,7.64,69.717726,-35.718398,37.91
1675120443,8.38,69.847023,203.307187,42.3
1675120444,7.74,69.976322,-34.573263,38.41
1675120445,7.78,70.105616,-34.000697,38.59
1675120446,7.68,70.234901,-33.428129,37.94
1675120447,8.17,70.364197,-32.855564,40.82
1675120448,,428.312592,-32.282991,41.61
1675120449,7.87,70.622791,-31.710427,38.92
1675120450,8.63,70.752086,-31.137858,43.43
1675120451,8.36,70.881374,-30.565284,41.75
1675120452,8.48,71.010671,-29.992722,42.42
1675120453,8.45,71.139969,-29.420155,42.19
1675120454,8.47,71.269262,-28.847587,42.25
1675120455,8.68,71.398555,-28.27501,43.46
,8.33,71.527849,-27.702446,41.31
1675120457,8.41,71.657143,-27.129879,41.73
1675120458,9.14,71.786435,-26.557307,46.06
1675120459,9.28,71.915732,-25.984738,46.85
1675120460,8.76,72.045027,-25.412175,43.67
1675120461,8.71,72.174323,-24.839603,43.32
1675120462,9.13,72.303615,-24.267034,45.79
1675120463,8.95,72.432911,-23.694467,44.66
1675120464,8.62,72.562199,-23.121904,42.63
1675120465,8.8,72.691496,-22.549328,43.66
1675120466,9.42,72.820786,-21.976763,47.32
1675120467,9.41,72.950083,-21.404198,47.21
1675120468,8.83,73.079382,-20.831628,43.68
1675120469,9.08,73.208679,-20.259063,45.12
1675120470,9.14,73.337964,-19.686494,45.43
1675120471,9.64,73.467261,-19.11392,48.37
1675120472,9.04,73.596559,-18.541359,44.72
1675120473,9.17,73.725848,-17.968787,45.45
1675120474,9.92,73.855146,-17.396217,49.9
1675120475,9.35,73.984442,-16.823654,46.43
1675120476,9.88,74.113735,-16.251076,49.55
1675120477,9.52,74.243025,-15.678515,47.34
1675120478,9.43,74.372321,-15.105946,46.75
1675120479,9.63,74.501619,-14.533378,47.89
1675120480,10.16,74.630911,-13.960811,51.02
1675120481,10.35,74.7602,-13.388245,52.11
1675120482,10.38,74.889502,-12.815669,52.23
1675120483,9.99,75.018789,-12.243098,49.85
1675120484,10.32,75.14809,-11.670538,51.77
1675120485,9.91,75.277379,-11.097965,ERROR
1675120486,10.05,75.406681,-10.525396,50.04
1675120487,10.71,75.535969,-9.952827,53.95
1675120488,9.88,75.665263,-9.380263,48.91
1675120489,10.0,75.794555,-8.807695,49.59
1675120490,10.18,75.923851,-8.235127,50.61
1675120491,10.05,76.053151,-7.662555,49.78
1675120492,10.25,76.182447,-7.089986,50.93
1675120493,10.71,,-6.517424,53.63
1675120494,10.6,76.44103,-5.944853,52.92
1675120495,11.12,76.570327,-5.37228,55.99
1675120496,11.1,76.699622,-4.799713,55.82
1675120497,10.68,76.828914,-4.227143,53.24
1675120498,10.65,76.958206,-3.654577,53.01
1675120499,10.82,77.087501,-3.082012,53.98
1675120500,11.09,77.216798,-2.509442,55.54
1675120501,10.82,77.346085,-1.936873,53.87
1675120502,11.23,77.475385,-1.36431,56.27
1675120503,11.06,77.604677,-0.791737,55.21
1675120504,11.26,77.733976,-0.219167,56.35
1675120505,11.2,77.863263,-111.336321,55.94
1675120506,11.11,77.992562,0.92597,55.34
1675120507,11.81,78.121855,1.498536,59.5
1675120508,11.68,78.251151,2.071108,58.66
1675120509,11.11,78.38044,2.643667,55.19
1675120510,11.89,78.509739,3.216238,59.82
1675120511,11.57,78.639033,3.788809,57.84
1675120512,12.03,78.768327,4.361375,60.54
1675120513,11.98,78.897622,4.933947,60.2
1675120514,11.66,79.026917,5.506516,58.23
1675120515,11.31,79.156213,6.079077,56.07
1675120516,11.61,79.285501,6.65165,57.82
1675120517,11.94,79.414801,7.224218,59.74
1675120518,12.08,79.544092,7.796785,60.53
1675120519,11.76,79.673382,8.369359,58.56
1675120520,11.69,79.802676,8.941926,58.09
1675120521,12.44,79.931973,9.514493,62.53
1675120522,12.64,80.061272,10.087061,63.68
1675120523,12.24,80.190566,10.659627,61.23
1675120524,11.94,80.319861,11.2322,59.37
1675120525,12.09,80.449152,11.804766,60.22
1675120526,11.89,80.578446,12.377335,58.97
1675120527,12.84,80.707737,12.949904,64.61
1675120528,12.09,80.837033,13.522467,60.07
1675120529,12.61,80.966328,14.09504,63.13
1675120530,12.36,81.095619,14.667602,61.57
1675120531,12.69,81.224915,15.240172,63.5
1675120532,12.84,81.354213,15.81274,64.35
1675120533,13.07,81.483508,16.385315,65.68
1675120534,12.5,81.612805,16.957882,62.21
1675120535,12.36,81.742099,17.530449,61.31
1675120536,12.54,81.87139,18.103017,62.34
1675120537,13.35,82.000682,18.675584,67.15
1675120538,13.38,82.129979,19.248156,67.27
1675120539,13.16,82.259274,19.82072,65.9
1675120540,13.21,82.388562,20.393287,66.15
1675120541,13.33,82.517859,20.965853,66.82
1675120542,12.89,82.647158,21.538427,64.13
1675120543,13.68,82.776447,22.110995,68.81
1675120544,13.24,82.905744,22.68356,66.12
1675120545,13.26,,23.256125,66.18
1675120546,13.45,83.164328,23.828701,67.27
1675120547,13.03,83.293624,24.401261,64.7
1675120548,13.2,83.422918,24.973836,65.67
1675120549,13.82,83.552209,25.546407,
1675120550,13.22,83.681504,26.11897,65.68
1675120551,13.8,83.810806,26.691536,69.1
,13.49,83.940095,27.264109,67.2
1675120553,13.69,84.069391,27.836679,68.34
1675120554,13.64,84.198683,28.409244,67.99
864962604,13.76,84.327984,28.981817,68.66
1675120556,14.18,84.457272,29.554376,71.12
1675120557,13.81,84.586568,30.126949,68.85
1675120558,14.13,84.715866,30.699519,236.33
1675120559,14.09,84.84516,31.272089,70.43
1675120560,14.33,84.974448,31.84465,71.81
1675120561,14.66,85.103748,32.417225,73.74
1675120562,14.51,85.233039,32.98979,72.78
1675120563,14.04,85.362334,33.562357,69.91
1675120564,13.91,85.491624,34.134923,69.08
1675120565,14.19,85.620918,113.586045,70.71
1675120566,14.58,85.750219,35.28006,73.0
1675120567,14.09,85.879511,35.852629,70.0
1675120568,14.59,86.008804,36.425197,72.95
1675120569,14.74,86.138102,36.997772,73.8
1675120570,14.53,86.267396,37.570338,72.48
1675120571,15.02,86.396684,38.142907,75.37
1675120572,14.41,86.525983,38.71547,71.66
1675120573,14.43,86.655273,39.288042,71.73
1675120574,15.14,86.784573,39.86061,75.93
1675120575,14.96,86.913866,40.433181,74.8
1675120576,15.2,87.043164,41.00575,76.19
1675120577,15.0,87.172449,41.578309,74.93
1675120578,14.87,87.301743,-97.96926,74.1
1675120579,15.49,87.43104,42.723446,77.77
1675120580,15.52,87.560334,43.296019,77.9
1675120581,15.47,87.689628,ERROR,77.54
1675120582,15.1,87.818929,44.441153,75.27
1675120583,15.47,87.948216,45.013722,77.44
1675120584,15.3,88.077511,45.586293,76.36
1675120585,15.08,88.20681,46.158858,74.99
1675120586,15.96,88.336101,46.731431,80.22
,15.23,88.465399,47.303996,75.79
1675120588,16.1,88.594686,47.876561,80.95
1675120589,15.65,88.723984,48.449136,78.2
1675120590,15.44,88.853274,49.021699,76.89
1675120591,15.85,88.982569,49.594269,79.29
1675120592,16.23,89.111871,50.16684,81.52
1675120593,16.15,89.241158,50.739405,80.98
1675120594,16.27,89.370456,51.31197,81.66
1675120595,16.18,89.499749,51.884541,81.06
1675120596,16.26,89.629043,ERROR,81.49
1675120597,,89.758342,53.029681,82.7
1675120598,15.93,89.887628,53.602249,79.4
1675120599,16.22,90.016929,54.174817,81.09
